Name,Phone Number
Person 1,555-010001
Person 2,555-010002
Person 3,555-010003
Person 4,555-010004
Person 5,555-010005
Person 6,555-010006
Person 7,555-010007
Person 8,555-010008
Person 9,555-010009
Person 10,555-010010
Person 11,555-010011
Person 12,555-010012
Person 13,555-010013
Person 14,555-010014
Person 15,555-010015
Person 16,555-010016
Person 17,555-010017
Person 18,555-010018
Person 19,555-010019
Person 20,555-010020
Person 21,555-010021
Person 22,555-010022
Person 23,555-010023
Person 24,555-010024
Person 25,555-010025
Person 26,555-010026
Person 27,555-010027
Person 28,555-010028
Person 29,555-010029
Person 30,555-010030
Person 31,555-010031
Person 32,555-010032
Person 33,555-010033
Person 34,555-010034
Person 35,555-010035
Person 36,555-010036
Person 37,555-010037
Person 38,555-010038
Person 39,555-010039
Person 40,555-010040
Person 41,555-010041
Person 42,555-010042
Person 43,555-010043
Person 44,555-010044
Person 45,555-010045
Person 46,555-010046
Person 47,555-010047
Person 48,555-010048
Person 49,555-010049
Person 50,555-010050
Person 51,555-010051
Person 52,555-010052
Person 53,555-010053
Person 54,555-010054
Person 55,555-010055
Person 56,555-010056
Person 57,555-010057
Person 58,555-010058
Person 59,555-010059
Person 60,555-010060
Person 61,555-010061
Person 62,555-010062
Person 63,555-010063
Person 64,555-010064
Person 65,555-010065
Person 66,555-010066
Person 67,555-010067
Person 68,555-010068
Person 69,555-010069
Person 70,555-010070
Person 71,555-010071
Person 72,555-010072
Person 73,555-010073
Person 74,555-010074
Person 75,555-010075
Person 76,555-010076
Person 77,555-010077
Person 78,555-010078
Person 79,555-010079
Person 80,555-010080
Person 81,555-010081
Person 82,555-010082
Person 83,555-010083
Person 84,555-010084
Person 85,555-010085
Person 86,555-010086
Person 87,555-010087
Person 88,555-010088
Person 89,555-010089
Person 90,555-010090
Person 91,555-010091
Person 92,555-010092
Person 93,555-010093
Person 94,555-010094
Person 95,555-010095
Person 96,555-010096
Person 97,555-010097
Person 98,555-010098
Person 99,555-010099
Person 100,555-010100
Person 101,555-010101
Person 102,555-010102
Person 103,555-010103
Person 104,555-010104
Person 105,555-010105
Person 106,555-010106
Person 107,555-010107
Person 108,555-010108
Person 109,555-010109
Person 110,555-010110
Person 111,555-010111
Person 112,555-010112
Person 113,555-010113
Person 114,555-010114
Person 115,555-010115
Person 116,555-010116
Person 117,555-010117
Person 118,555-010118
Person 119,555-010119
Person 120,555-010120
Person 121,555-010121
Person 122,555-010122
Person 123,555-010123
Person 124,555-010124
Person 125,555-010125
Person 126,555-010126
Person 127,555-010127
Person 128,555-010128
Person 129,555-010129
Person 130,555-010130
Person 131,555-010131
Person 132,555-010132
Person 133,555-010133
Person 134,555-010134
Person 135,555-010135
Person 136,555-010136
Person 137,555-010137
Person 138,555-010138
Person 139,555-010139
Person 140,555-010140
Person 141,555-010141
Person 142,555-010142
Person 143,555-010143
Person 144,555-010144
Person 145,555-010145
Person 146,555-010146
Person 147,555-010147
Person 148,555-010148
Person 149,555-010149
Person 150,555-010150
Person 151,555-010151
Person 152,555-010152
Person 153,555-010153
Person 154,555-010154
Person 155,555-010155
Person 156,555-010156
Person 157,555-010157
Person 158,555-010158
Person 159,555-010159
Person 160,555-010160
Person 161,555-010161
Person 162,555-010162
Person 163,555-010163
Person 164,555-010164
Person 165,555-010165
Person 166,555-010166
Person 167,555-010167
Person 168,555-010168
Person 169,555-010169
Person 170,555-010170
Person 171,555-010171
Person 172,555-010172
Person 173,555-010173
Person 174,555-010174
Person 175,555-010175
Person 176,555-010176
Person 177,555-010177
Person 178,555-010178
Person 179,555-010179
Person 180,555-010180
Person 181,555-010181
Person 182,555-010182
Person 183,555-010183
Person 184,555-010184
Person 185,555-010185
Person 186,555-010186
Person 187,555-010187
Person 188,555-010188
Person 189,555-010189
Person 190,555-010190
Person 191,555-010191
Person 192,555-010192
Person 193,555-010193
Person 194,555-010194
Person 195,555-010195
Person 196,555-010196
Person 197,555-010197
Person 198,555-010198
Person 199,555-010199
Person 200,555-010200
Person 201,555-010201
Person 202,555-010202
Person 203,555-010203
Person 204,555-010204
Person 205,555-010205
Person 206,555-010206
Person 207,555-010207
Person 208,555-010208
Person 209,555-010209
Person 210,555-010210
Person 211,555-010211
Person 212,555-010212
Person 213,555-010213
Person 214,555-010214
Person 215,555-010215
Person 216,555-010216
Person 217,555-010217
Person 218,555-010218
Person 219,555-010219
Person 220,555-010220
Person 221,555-010221
Person 222,555-010222
Person 223,555-010223
Person 224,555-010224
Person 225,555-010225
Person 226,555-010226
Person 227,555-010227
Person 228,555-010228
Person 229,555-010229
Person 230,555-010230
Person 231,555-010231
Person 232,555-010232
Person 233,555-010233
Person 234,555-010234
Person 235,555-010235
Person 236,555-010236
Person 237,555-010237
Person 238,555-010238
Person 239,555-010239
Person 240,555-010240
Person 241,555-010241
Person 242,555-010242
Person 243,555-010243
Person 244,555-010244
Person 245,555-010245
Person 246,555-010246
Person 247,555-010247
Person 248,555-010248
Person 249,555-010249
Person 250,555-010250
Person 251,555-010251
Person 252,555-010252
Person 253,555-010253
Person 254,555-010254
Person 255,555-010255
Person 256,555-010256
Person 257,555-010257
Person 258,555-010258
Person 259,555-010259
Person 260,555-010260
Person 261,555-010261
Person 262,555-010262
Person 263,555-010263
Person 264,555-010264
Person 265,555-010265
Person 266,555-010266
Person 267,555-010267
Person 268,555-010268
Person 269,555-010269
Person 270,555-010270
Person 271,555-010271
Person 272,555-010272
Person 273,555-010273
Person 274,555-010274
Person 275,555-010275
Person 276,555-010276
Person 277,555-010277
Person 278,555-010278
Person 279,555-010279
Person 280,555-010280
Person 281,555-010281
Person 282,555-010282
Person 283,555-010283
Person 284,555-010284
Person 285,555-010285
Person 286,555-010286
Person 287,555-010287
Person 288,555-010288
Person 289,555-010289
Person 290,555-010290
Person 291,555-010291
Person 292,555-010292
Person 293,555-010293
Person 294,555-010294
Person 295,555-010295
Person 296,555-010296
Person 297,555-010297
Person 298,555-010298
Person 299,555-010299
Person 300,555-010300
Person 301,555-010301
Person 302,555-010302
Person 303,555-010303
Person 304,555-010304
Person 305,555-010305
Person 306,555-010306
Person 307,555-010307
Person 308,555-010308
Person 309,555-010309
Person 310,555-010310
Person 311,555-010311
Person 312,555-010312
Person 313,555-010313
Person 314,555-010314
Person 315,555-010315
Person 316,555-010316
Person 317,555-010317
Person 318,555-010318
Person 319,555-010319
Person 320,555-010320
Person 321,555-010321
Person 322,555-010322
Person 323,555-010323
Person 324,555-010324
Person 325,555-010325
Person 326,555-010326
Person 327,555-010327
Person 328,555-010328
Person 329,555-010329
Person 330,555-010330
Person 331,555-010331
Person 332,555-010332
Person 333,555-010333
Person 334,555-010334
Person 335,555-010335
Person 336,555-010336
Person 337,555-010337
Person 338,555-010338
Person 339,555-010339
Person 340,555-010340
Person 341,555-010341
Person 342,555-010342
Person 343,555-010343
Person 344,555-010344
Person 345,555-010345
Person 346,555-010346
Person 347,555-010347
Person 348,555-010348
Person 349,555-010349
Person 350,555-010350
Person 351,555-010351
Person 352,555-010352
Person 353,555-010353
Person 354,555-010354
Person 355,555-010355
Person 356,555-010356
Person 357,555-010357
Person 358,555-010358
Person 359,555-010359
Person 360,555-010360
Person 361,555-010361
Person 362,555-010362
Person 363,555-010363
Person 364,555-010364
Person 365,555-010365
Person 366,555-010366
Person 367,555-010367
Person 368,555-010368
Person 369,555-010369
Person 370,555-010370
Person 371,555-010371
Person 372,555-010372
Person 373,555-010373
Person 374,555-010374
Person 375,555-010375
Person 376,555-010376
Person 377,555-010377
Person 378,555-010378
Person 379,555-010379
Person 380,555-010380
Person 381,555-010381
Person 382,555-010382
Person 383,555-010383
Person 384,555-010384
Person 385,555-010385
Person 386,555-010386
Person 387,555-010387
Person 388,555-010388
Person 389,555-010389
Person 390,555-010390
Person 391,555-010391
Person 392,555-010392
Person 393,555-010393
Person 394,555-010394
Person 395,555-010395
Person 396,555-010396
Person 397,555-010397
Person 398,555-010398
Person 399,555-010399
Person 400,555-010400
Person 401,555-010401
Person 402,555-010402
Person 403,555-010403
Person 404,555-010404
Person 405,555-010405
Person 406,555-010406
Person 407,555-010407
Person 408,555-010408
Person 409,555-010409
Person 410,555-010410
Person 411,555-010411
Person 412,555-010412
Person 413,555-010413
Person 414,555-010414
Person 415,555-010415
Person 416,555-010416
Person 417,555-010417
Person 418,555-010418
Person 419,555-010419
Person 420,555-010420
Person 421,555-010421
Person 422,555-010422
Person 423,555-010423
Person 424,555-010424
Person 425,555-010425
Person 426,555-010426
Person 427,555-010427
Person 428,555-010428
Person 429,555-010429
Person 430,555-010430
Person 431,555-010431
Person 432,555-010432
Person 433,555-010433
Person 434,555-010434
Person 435,555-010435
Person 436,555-010436
Person 437,555-010437
Person 438,555-010438
Person 439,555-010439
Person 440,555-010440
Person 441,555-010441
Person 442,555-010442
Person 443,555-010443
Person 444,555-010444
Person 445,555-010445
Person 446,555-010446
Person 447,555-010447
Person 448,555-010448
Person 449,555-010449
Person 450,555-010450
Person 451,555-010451
Person 452,555-010452
Person 453,555-010453
Person 454,555-010454
Person 455,555-010455
Person 456,555-010456
Person 457,555-010457
Person 458,555-010458
Person 459,555-010459
Person 460,555-010460
Person 461,555-010461
Person 462,555-010462
Person 463,555-010463
Person 464,555-010464
Person 465,555-010465
Person 466,555-010466
Person 467,555-010467
Person 468,555-010468
Person 469,555-010469
Person 470,555-010470
Person 471,555-010471
Person 472,555-010472
Person 473,555-010473
Person 474,555-010474
Person 475,555-010475
Person 476,555-010476
Person 477,555-010477
Person 478,555-010478
Person 479,555-010479
Person 480,555-010480
Person 481,555-010481
Person 482,555-010482
Person 483,555-010483
Person 484,555-010484
Person 485,555-010485
Person 486,555-010486
Person 487,555-010487
Person 488,555-010488
Person 489,555-010489
Person 490,555-010490
Person 491,555-010491
Person 492,555-010492
Person 493,555-010493
Person 494,555-010494
Person 495,555-010495
Person 496,555-010496
Person 497,555-010497
Person 498,555-010498
Person 499,555-010499
Person 500,555-010500
Person 501,555-010501
Person 502,555-010502
Person 503,555-010503
Person 504,555-010504
Person 505,555-010505
Person 506,555-010506
Person 507,555-010507
Person 508,555-010508
Person 509,555-010509
Person 510,555-010510
Person 511,555-010511
Person 512,555-010512
Person 513,555-010513
Person 514,555-010514
Person 515,555-010515
Person 516,555-010516
Person 517,555-010517
Person 518,555-010518
Person 519,555-010519
Person 520,555-010520
Person 521,555-010521
Person 522,555-010522
Person 523,555-010523
Person 524,555-010524
Person 525,555-010525
Person 526,555-010526
Person 527,555-010527
Person 528,555-010528
Person 529,555-010529
Person 530,555-010530
Person 531,555-010531
Person 532,555-010532
Person 533,555-010533
Person 534,555-010534
Person 535,555-010535
Person 536,555-010536
Person 537,555-010537
Person 538,555-010538
Person 539,555-010539
Person 540,555-010540
Person 541,555-010541
Person 542,555-010542
Person 543,555-010543
Person 544,555-010544
Person 545,555-010545
Person 546,555-010546
Person 547,555-010547
Person 548,555-010548
Person 549,555-010549
Person 550,555-010550
Person 551,555-010551
Person 552,555-010552
Person 553,555-010553
Person 554,555-010554
Person 555,555-010555
Person 556,555-010556
Person 557,555-010557
Person 558,555-010558
Person 559,555-010559
Person 560,555-010560
Person 561,555-010561
Person 562,555-010562
Person 563,555-010563
Person 564,555-010564
Person 565,555-010565
Person 566,555-010566
Person 567,555-010567
Person 568,555-010568
Person 569,555-010569
Person 570,555-010570
Person 571,555-010571
Person 572,555-010572
Person 573,555-010573
Person 574,555-010574
Person 575,555-010575
Person 576,555-010576
Person 577,555-010577
Person 578,555-010578
Person 579,555-010579
Person 580,555-010580
Person 581,555-010581
Person 582,555-010582
Person 583,555-010583
Person 584,555-010584
Person 585,555-010585
Person 586,555-010586
Person 587,555-010587
Person 588,555-010588
Person 589,555-010589
Person 590,555-010590
Person 591,555-010591
Person 592,555-010592
Person 593,555-010593
Person 594,555-010594
Person 595,555-010595
Person 596,555-010596
Person 597,555-010597
Person 598,555-010598
Person 599,555-010599
Person 600,555-010600
Person 601,555-010601
Person 602,555-010602
Person 603,555-010603
Person 604,555-010604
Person 605,555-010605
Person 606,555-010606
Person 607,555-010607
Person 608,555-010608
Person 609,555-010609
Person 610,555-010610
Person 611,555-010611
Person 612,555-010612
Person 613,555-010613
Person 614,555-010614
Person 615,555-010615
Person 616,555-010616
Person 617,555-010617
Person 618,555-010618
Person 619,555-010619
Person 620,555-010620
Person 621,555-010621
Person 622,555-010622
Person 623,555-010623
Person 624,555-010624
Person 625,555-010625
Person 626,555-010626
Person 627,555-010627
Person 628,555-010628
Person 629,555-010629
Person 630,555-010630
Person 631,555-010631
Person 632,555-010632
Person 633,555-010633
Person 634,555-010634
Person 635,555-010635
Person 636,555-010636
Person 637,555-010637
Person 638,555-010638
Person 639,555-010639
Person 640,555-010640
Person 641,555-010641
Person 642,555-010642
Person 643,555-010643
Person 644,555-010644
Person 645,555-010645
Person 646,555-010646
Person 647,555-010647
Person 648,555-010648
Person 649,555-010649
Person 650,555-010650
Person 651,555-010651
Person 652,555-010652
Person 653,555-010653
Person 654,555-010654
Person 655,555-010655
Person 656,555-010656
Person 657,555-010657
Person 658,555-010658
Person 659,555-010659
Person 660,555-010660
Person 661,555-010661
Person 662,555-010662
Person 663,555-010663
Person 664,555-010664
Person 665,555-010665
Person 666,555-010666
Person 667,555-010667
Person 668,555-010668
Person 669,555-010669
Person 670,555-010670
Person 671,555-010671
Person 672,555-010672
Person 673,555-010673
Person 674,555-010674
Person 675,555-010675
Person 676,555-010676
Person 677,555-010677
Person 678,555-010678
Person 679,555-010679
Person 680,555-010680
Person 681,555-010681
Person 682,555-010682
Person 683,555-010683
Person 684,555-010684
Person 685,555-010685
Person 686,555-010686
Person 687,555-010687
Person 688,555-010688
Person 689,555-010689
Person 690,555-010690
Person 691,555-010691
Person 692,555-010692
Person 693,555-010693
Person 694,555-010694
Person 695,555-010695
Person 696,555-010696
Person 697,555-010697
Person 698,555-010698
Person 699,555-010699
Person 700,555-010700
Person 701,555-010701
Person 702,555-010702
Person 703,555-010703
Person 704,555-010704
Person 705,555-010705
Person 706,555-010706
Person 707,555-010707
Person 708,555-010708
Person 709,555-010709
Person 710,555-010710
Person 711,555-010711
Person 712,555-010712
Person 713,555-010713
Person 714,555-010714
Person 715,555-010715
Person 716,555-010716
Person 717,555-010717
Person 718,555-010718
Person 719,555-010719
Person 720,555-010720
Person 721,555-010721
Person 722,555-010722
Person 723,555-010723
Person 724,555-010724
Person 725,555-010725
Person 726,555-010726
Person 727,555-010727
Person 728,555-010728
Person 729,555-010729
Person 730,555-010730
Person 731,555-010731
Person 732,555-010732
Person 733,555-010733
Person 734,555-010734
Person 735,555-010735
Person 736,555-010736
Person 737,555-010737
Person 738,555-010738
Person 739,555-010739
Person 740,555-010740
Person 741,555-010741
Person 742,555-010742
Person 743,555-010743
Person 744,555-010744
Person 745,555-010745
Person 746,555-010746
Person 747,555-010747
Person 748,555-010748
Person 749,555-010749
Person 750,555-010750
Person 751,555-010751
Person 752,555-010752
Person 753,555-010753
Person 754,555-010754
Person 755,555-010755
Person 756,555-010756
Person 757,555-010757
Person 758,555-010758
Person 759,555-010759
Person 760,555-010760
Person 761,555-010761
Person 762,555-010762
Person 763,555-010763
Person 764,555-010764
Person 765,555-010765
Person 766,555-010766
Person 767,555-010767
Person 768,555-010768
Person 769,555-010769
Person 770,555-010770
Person 771,555-010771
Person 772,555-010772
Person 773,555-010773
Person 774,555-010774
Person 775,555-010775
Person 776,555-010776
Person 777,555-010777
Person 778,555-010778
Person 779,555-010779
Person 780,555-010780
Person 781,555-010781
Person 782,555-010782
Person 783,555-010783
Person 784,555-010784
Person 785,555-010785
Person 786,555-010786
Person 787,555-010787
Person 788,555-010788
Person 789,555-010789
Person 790,555-010790
Person 791,555-010791
Person 792,555-010792
Person 793,555-010793
Person 794,555-010794
Person 795,555-010795
Person 796,555-010796
Person 797,555-010797
Person 798,555-010798
Person 799,555-010799
Person 800,555-010800
Person 801,555-010801
Person 802,555-010802
Person 803,555-010803
Person 804,555-010804
Person 805,555-010805
Person 806,555-010806
Person 807,555-010807
Person 808,555-010808
Person 809,555-010809
Person 810,555-010810
Person 811,555-010811
Person 812,555-010812
Person 813,555-010813
Person 814,555-010814
Person 815,555-010815
Person 816,555-010816
Person 817,555-010817
Person 818,555-010818
Person 819,555-010819
Person 820,555-010820
Person 821,555-010821
Person 822,555-010822
Person 823,555-010823
Person 824,555-010824
Person 825,555-010825
Person 826,555-010826
Person 827,555-010827
Person 828,555-010828
Person 829,555-010829
Person 830,555-010830
Person 831,555-010831
Person 832,555-010832
Person 833,555-010833
Person 834,555-010834
Person 835,555-010835
Person 836,555-010836
Person 837,555-010837
Person 838,555-010838
Person 839,555-010839
Person 840,555-010840
Person 841,555-010841
Person 842,555-010842
Person 843,555-010843
Person 844,555-010844
Person 845,555-010845
Person 846,555-010846
Person 847,555-010847
Person 848,555-010848
Person 849,555-010849
Person 850,555-010850
Person 851,555-010851
Person 852,555-010852
Person 853,555-010853
Person 854,555-010854
Person 855,555-010855
Person 856,555-010856
Person 857,555-010857
Person 858,555-010858
Person 859,555-010859
Person 860,555-010860
Person 861,555-010861
Person 862,555-010862
Person 863,555-010863
Person 864,555-010864
Person 865,555-010865
Person 866,555-010866
Person 867,555-010867
Person 868,555-010868
Person 869,555-010869
Person 870,555-010870
Person 871,555-010871
Person 872,555-010872
Person 873,555-010873
Person 874,555-010874
Person 875,555-010875
Person 876,555-010876
Person 877,555-010877
Person 878,555-010878
Person 879,555-010879
Person 880,555-010880
Person 881,555-010881
Person 882,555-010882
Person 883,555-010883
Person 884,555-010884
Person 885,555-010885
Person 886,555-010886
Person 887,555-010887
Person 888,555-010888
Person 889,555-010889
Person 890,555-010890
Person 891,555-010891
Person 892,555-010892
Person 893,555-010893
Person 894,555-010894
Person 895,555-010895
Person 896,555-010896
Person 897,555-010897
Person 898,555-010898
Person 899,555-010899
Person 900,555-010900
Person 901,555-010901
Person 902,555-010902
Person 903,555-010903
Person 904,555-010904
Person 905,555-010905
Person 906,555-010906
Person 907,555-010907
Person 908,555-010908
Person 909,555-010909
Person 910,555-010910
Person 911,555-010911
Person 912,555-010912
Person 913,555-010913
Person 914,555-010914
Person 915,555-010915
Person 916,555-010916
Person 917,555-010917
Person 918,555-010918
Person 919,555-010919
Person 920,555-010920
Person 921,555-010921
Person 922,555-010922
Person 923,555-010923
Person 924,555-010924
Person 925,555-010925
Person 926,555-010926
Person 927,555-010927
Person 928,555-010928
Person 929,555-010929
Person 930,555-010930
Person 931,555-010931
Person 932,555-010932
Person 933,555-010933
Person 934,555-010934
Person 935,555-010935
Person 936,555-010936
Person 937,555-010937
Person 938,555-010938
Person 939,555-010939
Person 940,555-010940
Person 941,555-010941
Person 942,555-010942
Person 943,555-010943
Person 944,555-010944
Person 945,555-010945
Person 946,555-010946
Person 947,555-010947
Person 948,555-010948
Person 949,555-010949
Person 950,555-010950
Person 951,555-010951
Person 952,555-010952
Person 953,555-010953
Person 954,555-010954
Person 955,555-010955
Person 956,555-010956
Person 957,555-010957
Person 958,555-010958
Person 959,555-010959
Person 960,555-010960
Person 961,555-010961
Person 962,555-010962
Person 963,555-010963
Person 964,555-010964
Person 965,555-010965
Person 966,555-010966
Person 967,555-010967
Person 968,555-010968
Person 969,555-010969
Person 970,555-010970
Person 971,555-010971
Person 972,555-010972
Person 973,555-010973
Person 974,555-010974
Person 975,555-010975
Person 976,555-010976
Person 977,555-010977
Person 978,555-010978
Person 979,555-010979
Person 980,555-010980
Person 981,555-010981
Person 982,555-010982
Person 983,555-010983
Person 984,555-010984
Person 985,555-010985
Person 986,555-010986
Person 987,555-010987
Person 988,555-010988
Person 989,555-010989
Person 990,555-010990
Person 991,555-010991
Person 992,555-010992
Person 993,555-010993
Person 994,555-010994
Person 995,555-010995
Person 996,555-010996
Person 997,555-010997
Person 998,555-010998
Person 999,555-010999
Person 1000,555-0101000
